insert into products (id, name, description, unit_price, category, created_at, updated_at)
values (1, 'wireless mouse', 'ergonomic wireless mouse with adjustable dpi.', 25.99, 'electronics',
        '2025-01-05 10:15:00', '2025-01-10 14:20:00'),
       (2, 'bluetooth speaker', 'portable bluetooth speaker with 10-hour battery life.', 49.99, 'electronics',
        '2025-02-12 09:30:00', '2025-02-15 16:45:00'),
       (3, 'notebook', 'a5-sized notebook with 200 ruled pages.', 3.99, 'stationery', '2025-03-01 08:00:00',
        '2025-03-05 12:10:00'),
       (4, 'desk lamp', 'led desk lamp with adjustable brightness levels.', 18.99, 'home & office',
        '2025-04-10 11:25:00', '2025-04-15 15:35:00'),
       (5, 'yoga mat', 'non-slip yoga mat with 6mm thickness.', 29.99, 'fitness', '2025-05-20 14:50:00',
        '2025-05-25 18:00:00'),
       (6, 'water bottle', 'stainless steel water bottle, 1l capacity.', 15.49, 'fitness', '2025-06-05 07:45:00',
        '2025-06-10 13:15:00'),
       (7, 'gaming keyboard', 'mechanical keyboard with rgb backlighting.', 79.99, 'electronics', '2025-07-15 10:10:00',
        '2025-07-20 17:25:00'),
       (8, 'smartphone stand', 'adjustable stand for smartphones and tablets.', 12.99, 'accessories',
        '2025-08-01 09:00:00', '2025-08-05 14:30:00'),
       (9, 'wireless earbuds', 'noise-cancelling wireless earbuds with charging case.', 59.99, 'electronics',
        '2025-09-10 08:20:00', '2025-09-15 12:40:00'),
       (10, 'coffee maker', '12-cup programmable coffee maker.', 89.99, 'home appliances', '2025-10-05 11:55:00',
        '2025-10-10 16:05:00'),
       (11, 'ballpoint pens', 'pack of 10 smooth-writing ballpoint pens.', 5.99, 'stationery', '2025-11-01 07:30:00',
        '2025-11-05 13:45:00'),
       (12, 'running shoes', 'lightweight running shoes with breathable mesh.', 64.99, 'fitness', '2025-12-10 10:15:00',
        '2025-12-15 15:20:00'),
       (13, 'electric kettle', '1.7l electric kettle with auto shut-off.', 34.99, 'home appliances',
        '2025-01-20 09:40:00', '2025-01-25 14:50:00'),
       (14, 'backpack', 'water-resistant backpack with multiple compartments.', 45.99, 'accessories',
        '2025-02-05 08:30:00', '2025-02-10 12:35:00'),
       (15, 'wireless charger', 'fast wireless charger compatible with most devices.', 29.99, 'electronics',
        '2025-03-15 11:20:00', '2025-03-20 16:25:00'),
       (16, 'sticky notes', 'pack of 5 colorful sticky note pads.', 4.49, 'stationery', '2025-04-01 07:10:00',
        '2025-04-05 13:15:00'),
       (17, 'fitness tracker', 'waterproof fitness tracker with heart rate monitor.', 99.99, 'fitness',
        '2025-05-10 10:45:00', '2025-05-15 15:50:00'),
       (18, 'blender', 'high-speed blender with multiple settings.', 59.99, 'home appliances', '2025-06-20 09:30:00',
        '2025-06-25 14:35:00'),
       (19, 'desk organizer', 'multi-compartment desk organizer for office supplies.', 14.99, 'home & office',
        '2025-07-05 08:15:00', '2025-07-10 12:20:00'),
       (20, 'portable charger', '10,000mah portable power bank with dual usb ports.', 24.99, 'accessories',
        '2025-08-15 11:50:00', '2025-08-20 16:55:00');


insert into customer_orders (id, order_date, status, shipping_address, created_at, updated_at)
values (1, '2025-01-05', 'new', '123 elm street, springfield', '2025-01-05 09:00:00', '2025-01-05 09:00:00'),
       (2, '2025-01-15', 'processing', '456 oak avenue, metropolis', '2025-01-15 10:30:00', '2025-01-16 08:00:00'),
       (3, '2025-01-20', 'shipped', '789 pine road, gotham', '2025-01-20 11:15:00', '2025-01-21 14:00:00'),
       (4, '2025-02-01', 'delivered', '321 maple lane, star city', '2025-02-01 12:45:00', '2025-02-02 16:00:00'),
       (5, '2025-02-10', 'cancelled', '654 birch boulevard, central city', '2025-02-10 13:20:00',
        '2025-02-10 15:00:00'),
       (6, '2025-03-05', 'new', '987 cedar street, coast city', '2025-03-05 08:00:00', '2025-03-05 08:00:00'),
       (7, '2025-03-15', 'processing', '321 willow drive, keystone city', '2025-03-15 09:30:00', '2025-03-16 10:00:00'),
       (8, '2025-03-25', 'shipped', '654 aspen way, blüdhaven', '2025-03-25 10:45:00', '2025-03-26 12:00:00'),
       (9, '2025-04-10', 'delivered', '789 redwood lane, smallville', '2025-04-10 11:15:00', '2025-04-11 14:00:00'),
       (10, '2025-04-20', 'cancelled', '123 spruce avenue, starling city', '2025-04-20 13:00:00',
        '2025-04-20 15:30:00'),
       (11, '2025-05-01', 'new', '456 cypress road, national city', '2025-05-01 09:00:00', '2025-05-01 09:00:00'),
       (12, '2025-05-10', 'processing', '321 fir street, hub city', '2025-05-10 10:30:00', '2025-05-11 08:00:00'),
       (13, '2025-05-15', 'shipped', '654 palm drive, fawcett city', '2025-05-15 11:45:00', '2025-05-16 12:00:00'),
       (14, '2025-06-01', 'delivered', '987 magnolia lane, midway city', '2025-06-01 12:15:00', '2025-06-02 14:00:00'),
       (15, '2025-06-10', 'cancelled', '123 poplar avenue, ivy town', '2025-06-10 13:30:00', '2025-06-10 15:00:00'),
       (16, '2025-06-20', 'new', '456 alder street, opal city', '2025-06-20 08:00:00', '2025-06-20 08:00:00'),
       (17, '2025-07-05', 'processing', '321 sequoia road, gateway city', '2025-07-05 09:30:00', '2025-07-06 10:00:00'),
       (18, '2025-07-15', 'shipped', '654 juniper lane, happy harbor', '2025-07-15 10:45:00', '2025-07-16 12:00:00'),
       (19, '2025-07-25', 'delivered', '987 dogwood drive, atlantis', '2025-07-25 11:15:00', '2025-07-26 14:00:00'),
       (20, '2025-08-01', 'cancelled', '123 maple avenue, themyscira', '2025-08-01 13:00:00', '2025-08-01 15:30:00');

-- insert dummy data for customer_order_items
insert into customer_order_items (id, product_id, quantity, customer_order_id, created_at, updated_at)
values (1, 1, 2, 1, '2025-01-05 09:05:00', '2025-01-05 09:05:00'),
       (2, 2, 1, 2, '2025-01-15 10:35:00', '2025-01-15 10:35:00'),
       (3, 3, 3, 3, '2025-01-20 11:20:00', '2025-01-20 11:20:00'),
       (4, 4, 1, 4, '2025-02-01 12:50:00', '2025-02-01 12:50:00'),
       (5, 5, 5, 5, '2025-02-10 13:25:00', '2025-02-10 13:25:00'),
       (6, 6, 2, 6, '2025-03-05 08:05:00', '2025-03-05 08:05:00'),
       (7, 7, 4, 7, '2025-03-15 09:35:00', '2025-03-15 09:35:00'),
       (8, 8, 1, 8, '2025-03-25 10:50:00', '2025-03-25 10:50:00'),
       (9, 9, 3, 9, '2025-04-10 11:20:00', '2025-04-10 11:20:00'),
       (10, 10, 2, 10, '2025-04-20 13:05:00', '2025-04-20 13:05:00'),
       (11, 11, 1, 11, '2025-05-01 09:05:00', '2025-05-01 09:05:00'),
       (12, 12, 2, 12, '2025-05-10 10:35:00', '2025-05-10 10:35:00'),
       (13, 13, 3, 13, '2025-05-15 11:50:00', '2025-05-15 11:50:00'),
       (14, 14, 1, 14, '2025-06-01 12:20:00', '2025-06-01 12:20:00'),
       (15, 15, 5, 15, '2025-06-10 13:35:00', '2025-06-10 13:35:00'),
       (16, 16, 2, 16, '2025-06-20 08:05:00', '2025-06-20 08:05:00'),
       (17, 17, 4, 17, '2025-07-05 09:35:00', '2025-07-05 09:35:00'),
       (18, 18, 1, 18, '2025-07-15 10:50:00', '2025-07-15 10:50:00'),
       (19, 19, 3, 19, '2025-07-25 11:20:00', '2025-07-25 11:20:00'),
       (20, 20, 2, 20, '2025-08-01 13:05:00', '2025-08-01 13:05:00');

INSERT INTO inventories (product_id, quantity, warehouse_location, created_at, updated_at)
VALUES (1, 150, 'Johannesburg', '2025-01-15 10:30:00', '2025-01-15 10:30:00'),
       (2, 200, 'Cape Town', '2025-01-20 11:00:00', '2025-01-20 11:00:00'),
       (3, 50, 'Durban', '2025-02-05 09:15:00', '2025-02-05 09:15:00'),
       (4, 300, 'Pretoria', '2025-02-10 14:45:00', '2025-02-10 14:45:00'),
       (5, 120, 'Port Elizabeth', '2025-03-01 08:00:00', '2025-03-01 08:00:00'),
       (6, 180, 'Bloemfontein', '2025-03-15 13:30:00', '2025-03-15 13:30:00'),
       (7, 75, 'East London', '2025-04-01 10:00:00', '2025-04-01 10:00:00'),
       (8, 220, 'Polokwane', '2025-04-20 16:00:00', '2025-04-20 16:00:00'),
       (9, 90, 'Nelspruit', '2025-05-05 12:00:00', '2025-05-05 12:00:00'),
       (10, 300, 'Kimberley', '2025-05-15 09:30:00', '2025-05-15 09:30:00'),
       (11, 250, 'Johannesburg', '2025-06-01 11:45:00', '2025-06-01 11:45:00'),
       (12, 100, 'Cape Town', '2025-06-20 14:00:00', '2025-06-20 14:00:00'),
       (13, 60, 'Durban', '2025-07-05 08:30:00', '2025-07-05 08:30:00'),
       (14, 400, 'Pretoria', '2025-07-15 15:15:00', '2025-07-15 15:15:00'),
       (15, 130, 'Port Elizabeth', '2025-08-01 10:30:00', '2025-08-01 10:30:00'),
       (16, 170, 'Bloemfontein', '2025-08-20 13:00:00', '2025-08-20 13:00:00'),
       (17, 80, 'East London', '2025-09-05 09:00:00', '2025-09-05 09:00:00'),
       (18, 210, 'Polokwane', '2025-09-15 16:30:00', '2025-09-15 16:30:00'),
       (19, 95, 'Nelspruit', '2025-10-01 12:15:00', '2025-10-01 12:15:00'),
       (20, 310, 'Kimberley', '2025-10-20 10:45:00', '2025-10-20 10:45:00');

INSERT INTO shipments (order_id, tracking_number, carrier, status, created_at, updated_at)
VALUES (1, 'ZA20250001', 'DHL', 'PENDING', '2025-01-05 10:15:00', '2025-01-05 10:15:00'),
       (2, 'ZA20250002', 'FedEx', 'SHIPPED', '2025-01-10 14:30:00', '2025-01-11 09:00:00'),
       (3, 'ZA20250003', 'UPS', 'DELIVERED', '2025-01-15 08:45:00', '2025-01-16 12:00:00'),
       (4, 'ZA20250004', 'Aramex', 'RETURNED', '2025-01-20 16:00:00', '2025-01-21 10:30:00'),
       (5, 'ZA20250005', 'DHL', 'DELIVERED', '2025-02-01 09:00:00', '2025-02-02 11:00:00'),
       (6, 'ZA20250006', 'FedEx', 'PENDING', '2025-02-05 13:15:00', '2025-02-05 13:15:00'),
       (7, 'ZA20250007', 'UPS', 'SHIPPED', '2025-02-10 10:00:00', '2025-02-11 08:00:00'),
       (8, 'ZA20250008', 'Aramex', 'DELIVERED', '2025-02-15 15:30:00', '2025-02-16 09:45:00'),
       (9, 'ZA20250009', 'DHL', 'RETURNED', '2025-02-20 12:00:00', '2025-02-21 14:00:00'),
       (10, 'ZA20250010', 'FedEx', 'DELIVERED', '2025-03-01 08:00:00', '2025-03-02 10:00:00'),
       (11, 'ZA20250011', 'UPS', 'PENDING', '2025-03-05 11:30:00', '2025-03-05 11:30:00'),
       (12, 'ZA20250012', 'Aramex', 'SHIPPED', '2025-03-10 14:45:00', '2025-03-11 10:15:00'),
       (13, 'ZA20250013', 'DHL', 'DELIVERED', '2025-03-15 09:00:00', '2025-03-16 12:30:00'),
       (14, 'ZA20250014', 'FedEx', 'RETURNED', '2025-03-20 16:15:00', '2025-03-21 11:00:00'),
       (15, 'ZA20250015', 'UPS', 'DELIVERED', '2025-04-01 10:00:00', '2025-04-02 13:00:00'),
       (16, 'ZA20250016', 'Aramex', 'PENDING', '2025-04-05 12:45:00', '2025-04-05 12:45:00'),
       (17, 'ZA20250017', 'DHL', 'SHIPPED', '2025-04-10 09:30:00', '2025-04-11 08:15:00'),
       (18, 'ZA20250018', 'FedEx', 'DELIVERED', '2025-04-15 14:00:00', '2025-04-16 10:30:00'),
       (19, 'ZA20250019', 'UPS', 'RETURNED', '2025-04-20 11:15:00', '2025-04-21 09:45:00'),
       (20, 'ZA20250020', 'Aramex', 'DELIVERED', '2025-05-01 08:00:00', '2025-05-02 10:00:00');

INSERT INTO suppliers (id, name, phone_number, email, street, city, state, country, zip_code, website, rating,
                       created_at, updated_at)
VALUES (1, 'Cape Town Supplies', '0211234567', 'info@capetownsupplies.co.za', '123 Long Street', 'Cape Town',
        'Western Cape', 'South Africa', '8001', 'www.capetownsupplies.co.za', 4.5, '2025-01-15 10:00:00',
        '2025-01-15 10:00:00'),
       (2, 'Durban Distributors', '0317654321', 'contact@durbandistributors.co.za', '456 Marine Drive', 'Durban',
        'KwaZulu-Natal', 'South Africa', '4001', 'www.durbandistributors.co.za', 4.2, '2025-02-10 11:30:00',
        '2025-02-10 11:30:00'),
       (3, 'Joburg Traders', '0119876543', 'sales@joburgtraders.co.za', '789 Market Street', 'Johannesburg', 'Gauteng',
        'South Africa', '2001', 'www.joburgtraders.co.za', 4.8, '2025-03-05 09:45:00', '2025-03-05 09:45:00'),
       (4, 'Pretoria Partners', '0123456789', 'support@pretoriapartners.co.za', '321 Church Square', 'Pretoria',
        'Gauteng', 'South Africa', '0002', 'www.pretoriapartners.co.za', 4.0, '2025-04-20 14:15:00',
        '2025-04-20 14:15:00'),
       (5, 'Bloemfontein Goods', '0511239876', 'info@bloemgoods.co.za', '654 President Street', 'Bloemfontein',
        'Free State', 'South Africa', '9301', 'www.bloemgoods.co.za', 3.9, '2025-05-18 16:00:00',
        '2025-05-18 16:00:00'),
       (6, 'Port Elizabeth Supplies', '0417654321', 'contact@pesupplies.co.za', '987 Beach Road', 'Port Elizabeth',
        'Eastern Cape', 'South Africa', '6001', 'www.pesupplies.co.za', 4.3, '2025-06-12 08:30:00',
        '2025-06-12 08:30:00'),
       (7, 'Polokwane Providers', '0151234567', 'info@polokwaneproviders.co.za', '123 Limpopo Street', 'Polokwane',
        'Limpopo', 'South Africa', '0700', 'www.polokwaneproviders.co.za', 4.1, '2025-07-25 12:00:00',
        '2025-07-25 12:00:00'),
       (8, 'Nelspruit Network', '0139876543', 'sales@nelspruitnetwork.co.za', '456 Kruger Road', 'Nelspruit',
        'Mpumalanga', 'South Africa', '1200', 'www.nelspruitnetwork.co.za', 4.4, '2025-08-10 15:45:00',
        '2025-08-10 15:45:00'),
       (9, 'Kimberley Connections', '0537654321', 'contact@kimberleyconnections.co.za', '789 Diamond Street',
        'Kimberley', 'Northern Cape', 'South Africa', '8301', 'www.kimberleyconnections.co.za', 3.8,
        '2025-09-05 10:15:00', '2025-09-05 10:15:00'),
       (10, 'East London Enterprises', '0431239876', 'info@eastlondonenterprises.co.za', '321 Buffalo Road',
        'East London', 'Eastern Cape', 'South Africa', '5201', 'www.eastlondonenterprises.co.za', 4.6,
        '2025-10-20 09:00:00', '2025-10-20 09:00:00'),
       (11, 'George Goods', '0447654321', 'sales@georgegoods.co.za', '654 Garden Route', 'George', 'Western Cape',
        'South Africa', '6529', 'www.georgegoods.co.za', 4.2, '2025-11-15 14:30:00', '2025-11-15 14:30:00'),
       (12, 'Rustenburg Resources', '0141234567', 'info@rustenburgresources.co.za', '987 Platinum Road', 'Rustenburg',
        'North West', 'South Africa', '0299', 'www.rustenburgresources.co.za', 4.0, '2025-12-10 11:45:00',
        '2025-12-10 11:45:00'),
       (13, 'Pietermaritzburg Partners', '0339876543', 'contact@pmspartners.co.za', '123 Midlands Road',
        'Pietermaritzburg', 'KwaZulu-Natal', 'South Africa', '3201', 'www.pmspartners.co.za', 3.7,
        '2025-01-05 10:30:00', '2025-01-05 10:30:00'),
       (14, 'Welkom Wholesalers', '0577654321', 'sales@welkomwholesalers.co.za', '456 Goldfields Street', 'Welkom',
        'Free State', 'South Africa', '9459', 'www.welkomwholesalers.co.za', 4.3, '2025-02-15 13:00:00',
        '2025-02-15 13:00:00'),
       (15, 'Upington Utilities', '0541239876', 'info@upingtonutilities.co.za', '789 Orange Road', 'Upington',
        'Northern Cape', 'South Africa', '8801', 'www.upingtonutilities.co.za', 4.1, '2025-03-20 09:15:00',
        '2025-03-20 09:15:00'),
       (16, 'Soweto Suppliers', '0107654321', 'contact@sowetosuppliers.co.za', '321 Vilakazi Street', 'Soweto',
        'Gauteng', 'South Africa', '1804', 'www.sowetosuppliers.co.za', 4.5, '2025-04-25 16:30:00',
        '2025-04-25 16:30:00'),
       (17, 'Richards Bay Resources', '0351234567', 'info@richardsbayresources.co.za', '654 Harbour Road',
        'Richards Bay', 'KwaZulu-Natal', 'South Africa', '3900', 'www.richardsbayresources.co.za', 4.0,
        '2025-05-30 08:45:00', '2025-05-30 08:45:00'),
       (18, 'Mthatha Markets', '0479876543', 'sales@mthathamarkets.co.za', '987 Nelson Mandela Drive', 'Mthatha',
        'Eastern Cape', 'South Africa', '5100', 'www.mthathamarkets.co.za', 3.9, '2025-06-15 12:15:00',
        '2025-06-15 12:15:00'),
       (19, 'Vereeniging Ventures', '0167654321', 'contact@vereenigingventures.co.za', '123 Vaal Road', 'Vereeniging',
        'Gauteng', 'South Africa', '1930', 'www.vereenigingventures.co.za', 4.2, '2025-07-10 14:00:00',
        '2025-07-10 14:00:00'),
       (20, 'Tzaneen Traders', '0151239876', 'info@tzaneentraders.co.za', '456 Letaba Street', 'Tzaneen', 'Limpopo',
        'South Africa', '0850', 'www.tzaneentraders.co.za', 4.4, '2025-08-20 10:30:00', '2025-08-20 10:30:00');
